id;salutation;first_name;middle_name;last_name;personal_title;gender;birth_date;marital_status
1;Multi-channelled Licensed;Liana;syndicate;Wyman;Canyon HDD;68030;2019-12-06;45049
2;Automotive;Trystan;South Dakota envisioneer Music;Fay;Monitored Bahamian Dollar Investment Account;83319;2019-12-06;17336
3;incentivize Tuna copy;Hermann;sky blue Georgia;Bartell;synthesizing Views e-enable;92665;2019-12-06;72727
4;archive Georgia Aruba;Victoria;navigating;Rogahn;South Georgia and the South Sandwich Islands;58675;2019-12-06;96525
5;Home Loan Account;Doug;scalable;Cummerata;Industrial;42340;2019-12-05;39488
6;24 hour;Adriana;magenta monitor 1080p;Moen;Identity;65107;2019-12-06;91495
7;generating Highway Ergonomic;Gabriel;Lempira;O'Reilly;New York tangible Mississippi;38292;2019-12-06;97171
8;synthesizing hard drive Robust;Derrick;Sleek Metal Table Small;Kessler;red;89576;2019-12-05;47537
9;Montana;Maureen;Concrete Investment Account Saint Lucia;Doyle;Brand;59886;2019-12-06;69478
10;JSON;Lindsey;modular Refined Squares;Emmerich;e-business;88328;2019-12-06;32434
